,iteration,best_params,best_NLL
0,0,[0.3288369  0.11686558],6.392668565313553
0,1,[0.32886999 0.11687561],6.392668556768577
0,2,[0.32887026 0.11685361],6.392668466948362
0,3,[0.32888633 0.11682313],6.3926686276969145
0,4,[0.32883633 0.1168443 ],6.392668586048457
0,5,[0.32887658 0.11686011],6.392668472067575
0,6,[0.32889606 0.11687322],6.392668567330386
0,7,[0.32884661 0.11683603],6.392668593556128
0,8,[0.32890253 0.11683589],6.392668531022526
0,9,[0.32887028 0.11681699],6.392668726766893
